{
  "video_dims": [
    1920,
    1080
  ],
  "posiciones": {
    "1": [
      [
        618,
        719,
        0.8220699429512024,
        0
      ],
      [
        618,
        719,
        0.8220699429512024,
        1
      ],
      [
        620,
        713,
        0.7342840433120728,
        1
      ]
    ],
    "2": [
      [
        379,
        831,
        0.8101131916046143,
        0
      ]
    ],
    "3": [
      [
        543,
        695,
        0.7955217361450195,
        0
      ]
    ],
    "4": [
      [
        289,
        685,
        0.7550033330917358,
        0
      ]
    ],
    "5": [
      [
        401,
        585,
        0.6629378199577332,
        0
      ]
    ],
    "6": [
      [
        673,
        688,
        0.6243086457252502,
        0
      ]
    ],
    "7": [
      [
        907,
        546,
        0.5628146529197693,
        0
      ]
    ],
    "8": [
      [
        967,
        591,
        0.5523170828819275,
        0
      ]
    ],
    "9": [
      [
        468,
        580,
        0.4685789942741394,
        0
      ]
    ],
    "10": [
      [
        1251,
        496,
        0.26745888590812683,
        0
      ]
    ],
    "11": [
      [
        1145,
        491,
        0.2651573419570923,
        0
      ]
    ]
  },
  "total_frames": 0,
  "algoritmo": "bytetrack"
}